word,n
nao,10684
ser,9299
sobre,8491
filosofia,7480
trabalho,6627
partir,6156
pensamento,5611
relacao,5308
conceito,5134
obra,5069
teoria,4922
sao,4853
presente,4382
objetivo,4318
dissertacao,4178
critica,3882
modo,3845
homem,3805
analise,3766
sentido,3742
forma,3611
mundo,3537
assim,3506
segundo,3501
vida,3444
tambem,3393
etica,3322
questao,3259
problema,3257
tese,3244
tal,3091
pode,3070
liberdade,3068
filosofo,3004
conhecimento,2933
conceitos,2853
pesquisa,2835
moral,2780
natureza,2753
linguagem,2715
concepcao,2686
fim,2647
nocao,2641
tempo,2638
capitulo,2622
estudo,2594
parte,2555
verdade,2488
historia,2487
atraves,2462
primeiro,2409
tanto,2406
possivel,2390
politica,2374
arte,2320
enquanto,2262
bem,2252
desta,2234
compreensao,2226
razao,2206
ciencia,2165
kant,2130
ideia,2087
autor,2078
nietzsche,2064
possibilidade,2064
dois,2051
sujeito,2038
estado,2035
deste,1937
mostrar,1917
dessa,1916
poder,1914
consciencia,1902
metafisica,1869
investigacao,1866
existencia,1850
experiencia,1850
obras,1849
quais,1844
tema,1842
direito,1828
acerca,1792
perspectiva,1789
processo,1785
principio,1781
meio,1747
proposta,1747
saber,1745
compreender,1739
outro,1736
duas,1734
ponto,1733
tres,1717
primeira,1700
filosofica,1679
desse,1672
busca,1667
pois,1662
objeto,1656
interpretacao,1655
vontade,1654
logica,1636
alem,1608
ainda,1598
momento,1596
relacoes,1590
propria,1585
sociedade,1581
principais,1576
apresenta,1554
analisar,1545
sera,1545
quanto,1530
neste,1524
desenvolvimento,1523
filosofico,1519
sendo,1519
vez,1517
justica,1516
alguns,1507
elementos,1503
pensar,1498
nesse,1483
contexto,1473
social,1465
corpo,1460
proprio,1458
questoes,1452
aspectos,1444
apenas,1437
leitura,1435
vista,1419
reflexao,1402
heidegger,1390
tradicao,1387
geral,1383
base,1378
maneira,1375
realidade,1361
discurso,1353
acao,1351
portanto,1318
papel,1296
cada,1295
ate,1294
texto,1293
sistema,1290
carater,1284
metodo,1276
estrutura,1271
projeto,1268
ideias,1259
nova,1248
tais,1246
lugar,1235
apresentar,1234
teorias,1230
deus,1229
faz,1212
sob,1212
outros,1205
medida,1198
investigar,1194
desde,1193
deve,1186
textos,1185
entao,1167
problemas,1166
platao,1155
tendo,1151
principios,1148
onde,1145
todo,1145
foucault,1142
estetica,1137
fundamental,1135
algumas,1134
modelo,1132
abordagem,1125
principal,1120
discussao,1100
pretende,1087
importancia,1081
formas,1080
necessidade,1076
hegel,1074
central,1065
segunda,1065
consiste,1060
toda,1058
hipotese,1057
aristoteles,1021
movimento,1017
valores,1003
nesta,994
aqui,991
construcao,990
condicao,973
diferentes,967
pratica,962
condicoes,959
humana,959
individuo,958
demonstrar,955
respeito,954
dialogo,952
visao,951
todos,943
autores,941
politico,937
fundamento,930
ambito,927
termos,922
fato,921
debate,920
porque,919
fazer,912
humano,907
origem,903
podem,894
alma,887
escritos,887
longo,885
producao,882
outras,878
formacao,876
nocoes,876
constituicao,874
uso,863
fundamentacao,861
terceiro,858
campo,850
espirito,843
disso,839
periodo,839
subjetividade,833
sempre,831
espaco,829
novo,829
homens,827
tipo,826
fundamentais,825
sobretudo,825
propoe,823
seguida,822
dentro,820
fenomenologia,820
argumentos,818
procura,816
capaz,809
ontologia,808
modernidade,807
coisas,806
principalmente,806
criticas,800
funcao,791
mesma,786
trata,782
fenomeno,780
marx,779
religiao,779
qualquer,778
mente,777
melhor,775
representacao,775
ultimo,769
argumento,768
necessario,767
arendt,762
caminho,762
cultura,759
significado,759
morais,754
visa,752
entendimento,745
racionalidade,741
sociais,736
valor,736
ordem,732
tratase,732
dialetica,730
diante,730
posicao,730
estabelecer,726
historico,722
definicao,720
grande,720
expressao,718
natural,718
livro,714
limites,712
rousseau,710
contra,702
constitui,701
temas,701
objetos,699
essencia,695
todas,695
algo,694
conceitual,692
filosofos,691
caso,690
somente,686
conjunto,681
especial,679
teorico,669
entender,668
racional,668
lado,667
permite,665
dimensao,664
atividade,663
diferenca,663
final,662
percepcao,662
moralidade,661
hume,657
democracia,656
identidade,656
estao,653
ter,653
virtude,653
doutrina,652
distincao,646
historica,644
concepcoes,641
tentativa,641
fundamentos,639
comum,637
unidade,634
morte,633
tarefa,625
capitulos,623
momentos,623
resposta,623
felicidade,621
leis,621
real,621
teses,621
individuos,614
luz,614
freud,610
apos,605
embora,605
maior,604
percurso,604
podemos,599
nessa,598
caracteristicas,596
conteudo,596
interior,596
outra,596
criacao,594
acordo,593
entanto,590
descartes,589
habermas,589
resultado,589
wittgenstein,587
autonomia,586
problematica,586
antes,585
importante,584
mostra,583
filosoficas,582
categorias,581
aspecto,579
kantiana,579
exposicao,577
mal,577
referencia,575
solucao,575
termo,574
epistemologia,569
especialmente,569
psicologia,569
defesa,568
dizer,567
etico,566
possui,564
literatura,563
particular,563
partindo,562
porem,559
pressupostos,559
torno,559
imagem,553
transcendental,551
reconhecimento,550
partes,548
presentes,547
pontos,546
parece,544
apresentada,540
moderna,538
ultima,538
acoes,537
inicio,536
lei,535
especificamente,534
cuja,533
ato,532
hermeneutica,532
procuramos,532
anos,530
epoca,530
possibilidades,530
intuito,529
encontra,528
ambos,523
reflexoes,521
educacao,520
modos,520
realizacao,519
nada,518
desejo,516
ontologica,515
amor,514
possiveis,514
responsabilidade,513
sartre,512
tratado,511
desses,510
ideal,509
consequencias,508
universal,508
proposito,507
contemporanea,506
contudo,506
teorica,505
serao,502
schopenhauer,501
importantes,500
capacidade,499
politicas,498
livre,496
diversas,495
influencia,494
praticas,492
afirmacao,490
ciencias,490
pessoa,490
dar,488
dizrespeito,488
processos,488
exercicio,487
conta,485
estudos,485
adorno,484
forca,484
dessas,483
humanidade,483
benjamin,482
estabelece,481
partida,481
agir,480
deleuze,477
psicanalise,477
superacao,477
direitos,475
apresentamos,473
consideracoes,473
apesar,472
tecnica,472
juizo,467
critico,466
elemento,466
tudo,465
finalidade,463
inicialmente,462
elaboracao,459
passa,459
menos,457
via,456
hobbes,455
exemplo,453
existe,453
rawls,453
exame,452
diversos,451
mediante,448
filosoficos,447
pensador,447
realizar,447
causa,445
finalmente,445
formulacao,444
regras,442
atual,441
implicacoes,441
presenca,439
desenvolve,438
paradigma,438
michel,437
analisa,436
fenomenos,434
buscamos,433
interesse,433
afirma,431
dado,430
explicar,430
pergunta,429
torna,429
bases,428
categoria,428
alemao,427
john,427
novas,427
centrais,426
desenvolvida,425
intelectual,425
republica,425
totalidade,425
dominio,424
outrolado,424
conforme,423
discutir,423
sistemas,422
socrates,422
tradicional,422
crise,420
possa,420
pretendemos,420
necessaria,419
pensadores,419
musica,418
sensivel,418
defende,417
cientifica,415
interpretacoes,414
conclusao,413
comunidade,412
feita,410
justificacao,410
esfera,409
sentidos,408
criterio,407
palavras,406
aparece,405
imaginacao,405
apresentacao,403
contemporaneo,403
consideracao,401
ensaio,400
primeiramente,400
primeiros,400
sido,399
identificar,398
substancia,398
ceticismo,397
naturezahumana,397
jogo,396
modelos,396
encontrar,395
responder,395
passagem,394
surge,394
esclarecer,393
especie,391
frente,391
reconstrucao,391
mestrado,390
explicacao,388
fisica,387
horizonte,387
articulacao,386
matematica,386
filosofiapolitica,385
desenvolver,382
husserl,382
determinacao,381
examinar,381
tao,381
cujo,380
merleauponty,380
aplicacao,378
conflito,378
crenca,378
escrita,378
poderia,378
significa,378
leva,375
ontologico,375
politicos,375
explicitar,372
tipos,372
ente,371
formal,371
intuicao,371
argumentacao,370
progresso,370
virtudes,370
levinas,368
seguinte,368
alteridade,366
contrario,366
igualdade,366
quatro,366
aborda,365
demais,365
guerra,365
implica,365
negacao,365
constituem,364
governo,364
dasein,363
faculdade,363
situacao,363
resultados,362
visto,362
classica,361
seculoxx,360
absoluto,359
analisamos,359
plano,359
descricao,358
semantica,357
essencial,356
materia,356
perspectivas,356
material,355
hannah,354
dentre,353
devem,353
entretanto,351
razoes,350
alternativa,349
comportamento,349
estatuto,349
tratar,349
apresentado,348
memoria,348
considerando,347
surgimento,347
tematica,347
objetiva,346
potencia,346
certa,345
investiga,344
tratamento,344
vai,344
bergson,343
direcao,343
efeito,343
mudanca,343
original,343
programa,343
esforco,342
ocorre,342
escolha,339
evolucao,339
frances,339
atencao,338
estetico,338
existencial,337
introducao,337
relevancia,337
verdadeira,337
coisa,336
cuidado,336
figura,336
moderno,336
razaopura,335
abordar,334
buscando,334
propriamente,334
radical,334
teoricos,334
analises,333
fio,332
genese,332
novos,332
objetivos,331
priori,331
proposicoes,331
cientifico,330
aproximacao,329
imagens,328
oposicao,328
grandes,327
pressuposto,327
crencas,326
esclarecimento,326
realismo,326
decada,325
forcas,325
pretendese,325
destes,324
contribuicao,323
dinamica,323
proposto,323
considera,322
sim,322
expor,321
violencia,321
cidade,320
entendida,320
tomas,320
considerado,319
criterios,319
serem,318
afirmar,317
ocidental,317
pessoas,317
transformacao,317
ora,316
terceira,316
agostinho,315
defender,315
intencao,315
kantiano,315
martin,314
capital,313
condutor,313
considerar,312
estar,311
paixoes,311
unica,311
fase,310
consequencia,309
considerada,309
kierkegaard,309
ricoeur,309
universo,309
gerais,308
realiza,308
durante,307
popper,307
sentimento,307
unico,307
posicoes,306
discussoes,305
especifico,305
mostrando,305
logicas,304
poesia,304
retorica,304
simples,304
aponta,303
naturais,303
propostas,303
tensao,303
comentadores,302
conhecer,302
maquiavel,302
metafisico,302
quer,302
representa,301
ver,301
prazer,299
significacao,299
cultural,298
abertura,297
verdadeiro,297
alcancar,296
justamente,296
preciso,296
revolucao,296
refletir,295
compreendida,294
universidade,294
comunicacao,293
dai,293
tragedia,293
viver,293
estados,292
apontar,291
chamada,291
posteriormente,291
pratico,291
estruturas,290
metodologia,290
possibilita,290
belo,289
dada,289
diferencas,289
foco,289
sintese,289
logico,288
dever,287
revela,287
diretamente,286
individual,286
logos,286
traducao,286
distintas,285
baseada,284
evidencia,284
apresentadas,283
caracterizacao,283
friedrich,283
inicial,282
mental,282
dificuldades,281
hoje,281
seguintes,281
ambas,280
elucidar,280
niilismo,280
epistemologico,279
eticas,279
fonte,279
seculo,279
varias,279
casos,278
expressa,278
favor,278
experiencias,277
validade,277
genealogia,276
compreende,275
discursos,275
infinito,275
resistencia,275
mito,274
proposicao,274
atos,273
coloca,273
existente,273
inconsciente,273
contribuicoes,272
procedimento,272
propriedades,272
pura,272
agente,271
antropologia,271
intelecto,271
dialogos,270
juridica,270
narrativa,270
nivel,270
teoricas,270
sociedades,269
vem,269
alguma,268
fundo,268
preocupacao,268
refere,268
trabalhos,268
muitos,267
seguir,267
dominacao,266
especifica,266
fala,266
precisamente,266
conceituais,265
nascimento,265
temporalidade,264
tomando,264
vezes,264
apresentase,263
assume,263
transcendencia,263
causalidade,262
estabelecimento,262
evidenciar,262
paradoxo,262
angustia,261
locke,261
varios,261
avaliar,260
buscase,260
linhas,260
tornase,260
analitica,259
avaliacao,259
cidadaos,259
estrategia,259
genero,259
paz,259
proprias,259
responsavel,259
buscar,258
determinar,258
intencionalidade,258
livros,258
face,257
objetividade,257
instrumento,256
atualidade,255
liberal,255
proprios,255
distintos,254
poetica,254
propor,254
constante,253
contradicao,253
iii,253
passado,253
povo,253
ruptura,253
atitude,252
certo,252
consequentemente,252
encontro,252
humanos,252
palavra,252
estudar,250
interna,250
quadro,250
respostas,250
thomas,250
caracteristica,249
enfase,249
todavia,249
desenvolvido,248
forte,248
muitas,248
oferecer,248
realizada,248
veremos,248
ensaios,247
entende,247
fatos,247
futuro,247
humanas,247
paul,247
instituicoes,246
seculoxix,246
adequada,245
devido,245
epistemologica,245
chave,244
propriedade,244
caracteriza,243
conflitos,243
fundamentar,243
instancia,243
interesses,243
relevantes,243
artes,242
originaria,242
essencialmente,241
filosofiamoral,241
olhar,241
civil,240
destas,240
diagnostico,240
feito,240
juizos,240
leituras,240
absoluta,239
chamado,239
construir,239
normas,239
superar,239
contemporaneos,238
grega,238
mostramos,238
serie,238
teologia,238
verificar,238
aquino,237
peirce,237
pensamentopolitico,237
pretensao,237
fenomenologica,236
continuidade,234
dimensoes,234
envolve,234
tornar,234
traz,234
chegar,233
costumes,233
diferente,233
exige,233
publica,233
trajetoria,233
cenario,232
singular,232
controle,231
escopo,231
oferece,231
alcance,230
cartesiana,230
fontes,230
postura,230
sensibilidade,230
acontecimento,229
autoridade,229
discute,229
necessariamente,229
cristianismo,228
determinada,228
legitimidade,228
filosofias,227
gadamer,227
passo,227
precisa,227
aristotelica,226
breve,226
direitoshumanos,226
identificacao,226
deixa,225
investigacoes,225
logo,225
nietzschiana,225
perceber,225
apresentados,224
capitalismo,224
falar,224
fundamenta,224
movimentos,224
objecoes,224
particularmente,224
walter,224
algum,223
dados,223
divina,223
espinosa,223
karl,223
meios,223
primeiras,223
propomos,223
seres,223
conexao,222
sujeitos,222
sustenta,222
abordagens,221
corpos,221
efeitos,221
estabelecida,221
impossibilidade,221
passando,221
acesso,220
conseguinte,220
nela,220
nome,220
certos,219
conduz,219
entendido,219
caminhos,218
organizacao,218
versao,218
visando,218
religiosa,217
funcionamento,216
participacao,216
soberania,216
mudancas,215
sistematica,215
tradicionais,215
civilizacao,214
mecanismos,214
possuem,214
tomada,214
cientificas,213
defendida,213
luta,213
mesmos,213
praxis,213
artistica,212
diz,212
fins,212
musical,212
pesquisas,212
tragico,212
desdobramentos,210
destaque,210
empirismo,210
encontramos,210
justificar,210
pouco,210
daquilo,209
david,209
determinado,209
investigamos,209
pensada,209
pensamentos,209
procurando,209
encontrase,208
expoe,208
alienacao,207
sustentar,207
concebe,206
contemporaneas,206
divisao,206
leibniz,206
tolerancia,206
anterior,205
atuais,205
causas,205
centro,204
fazem,204
igualmente,204
leitor,204
positiva,204
publico,204
reconstruir,204
regime,204
bastante,203
campos,203
podese,203
reconhecer,203
sexualidade,203
destacar,202
duracao,202
economia,202
hegeliana,202
retomada,202
ultimos,202
analogia,201
assunto,201
manifestacao,201
platonica,201
ausencia,200
compoem,200
depende,200
inteligencia,200
regra,200
definir,199
descrever,199
relacionados,199
tecnologia,199
tracos,199
escola,198
recepcao,198
sabedoria,198
conhecido,197
contribuir,197
decisao,197
particulares,197
spinoza,197
questionamento,196
razaopratica,196
teoriacritica,196
vinculo,196
amplo,195
certas,195
compreendido,195
existir,195
fazendo,195
limite,195
marcuse,195
origens,195
representacoes,195
seculoxviii,195
segue,195
apropriacao,194
autora,194
bens,194
comparacao,194
crista,194
duvida,194
faculdades,194
informacao,194
prova,194
tentar,194
composicao,193
contemporaneidade,193
direta,193
fez,193
fornecer,193
pintura,193
agamben,192
explorar,192
frege,192
nucleo,192
pluralidade,192
ambiente,191
atividades,191
conceber,191
imanente,191
simesma,191
anteriores,190
niveis,190
chama,189
essenciais,189
eventos,189
finitude,189
ideologia,189
influencias,189
procurase,189
sereshumanos,189
brasil,188
classico,188
consigo,188
entes,188
funcoes,188
respectivamente,188
condicaohumana,187
ligacao,187
mentais,187
ocupa,187
pragmatica,187
toma,187
tractatus,187
universais,187
classe,186
itinerario,186
naturalismo,186
permitem,186
cidadao,185
corresponde,185
jonas,185
religioso,185
lacan,184
mantem,184
transformacoes,184
demonstracao,183
metodos,183
resumo,183
animal,182
criar,182
etc,182
historicos,182
julgar,182
kuhn,182
pensa,182
quarto,182
causal,181
derrida,181
desconstrucao,181
historicas,181
originario,181
universalidade,181
considerados,180
definicoes,180
demonstra,180
destino,180
necessarias,180
verdades,180
capazes,179
horkheimer,179
seguindo,179
bom,178
inclusive,178
interacao,178
temporal,178
apresentando,177
complexidade,177
correntes,177
determina,177
emancipacao,177
linguistica,177
subjetiva,177
apreensao,176
eixo,176
elaborada,176
immanuel,176
sofrimento,176
analisaremos,175
apresentam,175
efetivacao,175
existem,175
linha,175
nele,175
relevante,175
revisao,175
senso,175
transicao,175
artigo,174
buscaremos,174
consideramos,174
curso,174
efetiva,174
exigencia,174
retorno,174
agora,173
certeza,173
cogito,173
disposicao,173
falta,173
juridico,173
singularidade,173
empirica,172
estaria,172
eticos,172
imanencia,172
levar,172
manutencao,172
sociedadecivil,171
teatro,171
vidahumana,171
amizade,170
cartesiano,170
democratico,170
descoberta,170
hipoteses,170
ideais,170
opera,170
realizado,170
tendencia,170
vivencia,170
ampla,169
feitas,169
filosofiapratica,169
junto,169
metodologico,169
romance,169
suma,169
tenta,169
vies,169
artista,168
destacando,168
dignidade,168
fatores,168
jovem,168
negativa,168
boa,167
encontram,167
escrito,167
fundamentalmente,167
idealismo,167
indica,167
partimos,167
posto,167
racionais,167
status,167
concebida,166
confronto,166
determinacoes,166
enfoque,166
grego,166
metafisicas,166
procedimentos,166
vistas,166
conduta,165
heideggeriana,165
motivos,165
polis,165
pressupoe,165
referencial,165
resolver,165
rorty,165
extensao,164
inteligivel,164
intersubjetividade,164
juventude,164
livrearbitrio,164
manifesta,164
resulta,164
serve,164
situacoes,164
terra,164
define,163
devir,163
dias,163
existentes,163
seculos,163
complexo,162
deducao,162
desdobramento,162
dificuldade,162
normativa,162
relacionadas,162
secao,162
separacao,162
abre,161
cognicao,161
consenso,161
contraposicao,161
desafio,161
ira,161
liberalismo,161
referencias,161
bibliografica,160
criticos,160
empirico,160
formulacoes,160
humanismo,160
nenhum,160
ademais,159
animais,159
antiguidade,159
beleza,159
claro,159
direitonatural,159
dito,159
dualismo,159
emocoes,159
honneth,159
nenhuma,159
passagens,159
analisada,158
especificos,158
haver,158
multiplicidade,158
simplesmente,158
tratados,158
trazer,158
debates,157
marca,157
mostraremos,157
recusa,157
sentimentos,157
atingir,156
consciente,156
contingencia,156
correspondencia,156
entidades,156
garantir,156
historicamente,156
indicar,156
literaria,156
mill,156
mostrase,156
raciocinio,156
analisando,155
articula,155
estrategias,155
inicia,155
jacques,155
profunda,155
sublime,155
utiliza,155
alternativas,154
caracterizar,154
dando,154
economica,154
emergencia,154
examina,154
figuras,154
gregos,154
hans,154
interpretar,154
interpretes,154
personagem,154
primordial,154
utilizado,154
elabora,153
erro,153
fazse,153
identifica,153
potencial,153
quine,153
uniao,153
acreditamos,152
apresentaremos,152
baseado,152
biologia,152
completa,152
enfim,152
evidente,152
otica,152
pessoal,152
recurso,152
tempos,152
total,152
acima,151
concerne,151
concreta,151
disciplina,151
justo,151
marxismo,151
metafora,151
cerne,150
expressoes,150
gilles,150
saude,150
biopolitica,149
capitalista,149
cidadania,149
contradicoes,149
culturais,149
denominada,149
independente,149
interpretativa,149
nunca,149
ocidente,149
promover,149
subjetivo,149
abordamos,148
constatacao,148
decorrer,148
estilo,148
etapas,148
teoriapolitica,148
areas,147
clara,147
colocar,147
contato,147
conteudos,147
entendemos,147
estabelecido,147
feuerbach,147
naturalista,147
situar,147
tentamos,147
equidade,146
estadual,146
grupos,146
individuais,146
intuicoes,146
lukacs,146
privilegiado,146
solucoes,146
theodor,146
cognitivo,145
configuracao,145
contratosocial,145
defendemos,145
dialetico,145
instituicao,145
loucura,145
necessidades,145
obstante,145
parana,145
relaciona,145
signo,145
suficiente,145
antiga,144
desenvolvidas,144
excelencia,144
formula,144
fundada,144
intencional,144
talvez,144
analisados,143
conclui,143
conclusoes,143
conhecida,143
espiritual,143
justa,143
marcada,143
motivo,143
orientacao,143
personagens,143
constituir,142
dupla,142
grupo,142
max,142
medicina,142
procuraremos,142
sequencia,142
tragica,142
basicos,141
cetico,141
classes,141
constroi,141
democratica,141
discutimos,141
dita,141
duplo,141
ethos,141
metafisicos,141
metodologica,141
oeste,141
peculiar,141
propoese,141
referido,141
sugere,141
acaohumana,140
doutrinas,140
esquecimento,140
eternoretorno,140
familia,140
inerente,140
mera,140
possam,140
produz,140
denominado,139
ego,139
formais,139
grau,139
panorama,139
pensado,139
reducao,139
ressaltar,139
titulo,139
toledo,139
aparentemente,138
continua,138
devemos,138
emerge,138
especies,138
estrutural,138
materialismo,138
montaigne,138
opiniao,138
podera,138
produto,138
referida,138
serai,138
aparente,137
comeca,137
configura,137
consideradas,137
contem,137
existenciahumana,137
manter,137
notadamente,137
utilizada,137
utopia,137
fundacao,136
russell,136
sensiveis,136
soberano,136
vital,136
cabe,135
charles,135
etapa,135
eudaimonia,135
explicita,135
exposta,135
individualidade,135
levando,135
metade,135
pano,135
calculo,134
caracterizada,134
dividida,134
julgamento,134
leimoral,134
nietzschiano,134
significados,134
signos,134
sociabilidade,134
descreve,133
deu,133
intelectuais,133
mesmas,133
modernos,133
mulher,133
observar,133
searle,133
efetivamente,132
exposto,132
fisico,132
impossivel,132
modernas,132
nomes,132
produzir,132
schiller,132
seguranca,132
acaba,131
aparecem,131
cinco,131
consegue,131
constituido,131
daquele,131
desejos,131
elaborar,131
empreendimento,131
envolvidos,131
instrumental,131
jeanjacques,131
justifica,131
livres,131
normativo,131
problematizacao,131
tecnicas,131
criador,130
decadas,130
der,130
exemplos,130
permanece,130
posteriores,130
richard,130
tange,130
aberto,129
circunstancias,129
epistemico,129
equilibrio,129
fruto,129
impulso,129
jurgen,129
reconhece,129
referentes,129
antigo,128
dao,128
ensino,128
fornece,128
fundamentada,128
harmonia,128
simbolica,128
tratamos,128
versa,128
volta,128
antigos,127
esferapublica,127
esferas,127
historicidade,127
insere,127
maxima,127
mediacao,127
operacao,127
publicacao,127
querer,127
singer,127
tomar,127
tornarse,127
utilizacao,127
acontecimentos,126
afetos,126
apontando,126
consequente,126
consistencia,126
logicos,126
negativo,126
posterior,126
utilizados,126
acaopolitica,125
adequado,125
cinema,125
completamente,125
dominios,125
intento,125
pluralismo,125
puro,125
quase,125
superior,125
absolutamente,124
agentes,124
analisase,124
aparencia,124
arqueologia,124
centralidade,124
diferenciacao,124
exclusivamente,124
formulada,124
mecanismo,124
newton,124
reflexivo,124
totalitarismo,124
acontece,123
analisado,123
area,123
assumir,123
concluimos,123
contextos,123
cunho,123
divino,123
imperativocategorico,123
plena,123
recursos,123
saberes,123
sociologia,123
suporte,123
analisadas,122
apresento,122
comuns,122
corrente,122
deixar,122
deveria,122
economiapolitica,122
freudiana,122
inspiracao,122
manifestacoes,122
paradigmas,122
perda,122
posicionamento,122
prudencia,122
sernomundo,122
surgem,122
tentativas,122
ambiguidade,121
aristotelico,121
atuacao,121
denomina,121
envolvem,121
especificidade,121
fragmentos,121
inducao,121
puramente,121
relacionar,121
sentencas,121
coerencia,120
coerente,120
comentario,120
diversidade,120
economico,120
fica,120
identidadepessoal,120
interno,120
sensacao,120
acompanhar,119
basicas,119
concreto,119
conhecimentocientifico,119
discursiva,119
dividido,119
gosto,119
necessarios,119
perpassa,119
premissa,119
resgate,119
simultaneamente,119
basica,118
capacidades,118
concebido,118
determinadas,118
dicotomia,118
exigencias,118
marco,118
pascal,118
reside,118
brasileiro,117
buscouse,117
cristao,117
internacional,117
iremos,117
levam,117
marcado,117
materiais,117
meramente,117
padrao,117
povos,117
realista,117
reflete,117
remete,117
resolucao,117
ultimas,117
brasileira,116
cetica,116
coletiva,116
cria,116
doutorado,116
organismo,116
parecem,116
tradicoes,116
abordado,115
desenvolveu,115
destaca,115
determinante,115
epistemologicas,115
estruturacao,115
explicacoes,115
normatividade,115
relacionada,115
relativismo,115
santoagostinho,115
totalmente,115
aberta,114
ali,114
concluir,114
gorgias,114
premissas,114
propostos,114
regimes,114
saida,114
virada,114
abstracao,113
assuntos,113
atributos,113
cartas,113
complexa,113
correta,113
daquela,113
epistemologicos,113
eros,113
libertacao,113
lidar,113
mistica,113
parmenides,113
poe,113
realmente,113
requer,113
transcendente,113
utilitarismo,113
arquitetura,112
artistico,112
contemplacao,112
criticamente,112
decisoes,112
dor,112
padroes,112
passos,112
passou,112
psicologico,112
raizes,112
reformulacao,112
semelhanca,112
abrangente,111
alema,111
cognitiva,111
concluise,111
conhecimentos,111
demonstrando,111
desenvolvidos,111
destruicao,111
enunciados,111
epistemica,111
especulativa,111
esteticos,111
estritamente,111
eticidade,111
liberais,111
ligada,111
mundial,111
permanente,111
psicologica,111
reais,111
referente,111
relativas,111
vazio,111
vir,111
wagner,111
aplicada,110
argumentamos,110
buscou,110
criadora,110
determinados,110
levou,110
lingua,110
macintyre,110
meta,110
numero,110
pelotas,110
proposicional,110
silencio,110
utilidade,110
verdadeiras,110
carta,109
chamamos,109
corrupcao,109
detrimento,109
emmanuel,109
explicitacao,109
faremos,109
hegeliano,109
instante,109
limitacoes,109
maiores,109
materialista,109
poderiam,109
questionamentos,109
situa,109
abstrato,108
arthur,108
atribui,108
definida,108
determinismo,108
esteticas,108
exatamente,108
excecao,108
explica,108
fazemos,108
federal,108
finais,108
garantia,108
juntamente,108
levaram,108
mao,108
norma,108
positivo,108
riso,108
tentaremos,108
vias,108
artigos,107
consistente,107
decadencia,107
dedicado,107
desigualdade,107
estudiosos,107
leinatural,107
ockham,107
operacoes,107
poetico,107
refutacao,107
senao,107
subjetivacao,107
tracar,107
adequacao,106
apel,106
construida,106
cursos,106
especificas,106
finito,106
interioridade,106
lida,106
observacoes,106
ontologiafundamental,106
percorrer,106
primazia,106
questionar,106
reflexiva,106
representar,106
abordada,105
antropologica,105
classicos,105
comeco,105
construido,105
efetividade,105
elaborado,105
existenciais,105
formular,105
geracao,105
heranca,105
imprescindivel,105
maturidade,105
platonico,105
qualidade,105
reino,105
semantico,105
semelhancas,105
chega,104
conjuntos,104
dependencia,104
elucidacao,104
examinamos,104
fenomenologico,104
imaginario,104
matematico,104
ontologicas,104
plenamente,104
pulsao,104
racionalismo,104
revelar,104
topicos,104
vico,104
apreender,103
argumentativa,103
articular,103
autonoma,103
comentarios,103
correlacao,103
diferentemente,103
distinguir,103
gramatica,103
hermeneutico,103
mestre,103
poeta,103
privada,103
publicado,103
significativa,103
abordados,102
absurdo,102
autenticidade,102
basicamente,102
compaixao,102
constituise,102
constitutivos,102
definido,102
ganha,102
heideggeriano,102
intitulada,102
mundos,102
plotino,102
procurou,102
semelhante,102
tornouse,102
aceitacao,101
ampliacao,101
chamar,101
cienciashumanas,101
comicidade,101
distincoes,101
evitar,101
filosofar,101
posse,101
reforma,101
transvaloracao,101
tratam,101
usos,101
abordaremos,100
bachelard,100
camus,100
distancia,100
ilusao,100
inclui,100
individuacao,100
inves,100
pensamentoocidental,100
peter,100
platonismo,100
poderes,100
proximo,100
rosto,100
schelling,100
subjacente,100
temse,100
