bigram,n
pode ser,1502
presente trabalho,1285
presente dissertacao,872
deste trabalho,651
ser humano,613
nesse sentido,596
primeiro capitulo,584
segundo capitulo,557
deve ser,543
neste trabalho,496
podem ser,495
diz respeito,487
desta dissertacao,459
outro lado,422
nao pode,418
alem disso,416
nao apenas,402
primeiro momento,398
natureza humana,397
objetivo desta,391
filosofia politica,385
terceiro capitulo,378
michel foucault,367
seculo xx,360
desse modo,348
hannah arendt,347
presente pesquisa,340
segundo momento,335
razao pura,334
primeira parte,325
presente tese,311
nao ha,308
fio condutor,303
reflexao sobre,302
nesta dissertacao,296
segunda parte,296
objetivo deste,290
martin heidegger,287
neste sentido,287
desta pesquisa,284
nao so,281
presente estudo,257
dessa forma,256
filosofia moral,256
trabalho pretende,253
seculo xix,246
pensamento politico,237
nao sao,233
deste modo,230
primeiro lugar,230
tradicao filosofica,229
direitos humanos,226
filosofo alemao,223
quais sao,208
pensamento filosofico,206
walter benjamin,204
objetivo principal,203
desta tese,198
objetivo analisar,197
cada vez,196
teoria critica,196
razao pratica,195
discussao sobre,194
seculo xviii,194
si mesma,189
seres humanos,188
ultimo capitulo,187
condicao humana,186
filosofo frances,185
alguns aspectos,183
dissertacao mestrado,183
desta forma,181
refletir sobre,178
devem ser,177
estudo sobre,177
filosofia universidade,176
tres capitulos,174
immanuel kant,173
investigacao sobre,171
sociedade civil,171
sendo assim,170
vida humana,170
john rawls,169
filosofia pratica,168
nesse contexto,168
friedrich nietzsche,165
direito natural,159
dar conta,151
trabalho consiste,149
teoria politica,147
trabalho visa,147
gilles deleuze,146
contrato social,145
universidade estadual,143
duas partes,141
acao humana,140
nao obstante,140
segundo lugar,140
paul ricoeur,138
eterno retorno,137
david hume,136
existencia humana,136
partir dessa,136
lei moral,134
objetivo apresentar,134
objetivo geral,134
so pode,133
parana toledo,131
trabalho busca,131
trabalho procura,130
objetivo central,129
jurgen habermas,128
objetivo investigar,128
esfera publica,127
poderia ser,127
tres momentos,126
dois momentos,125
acao politica,124
jeanjacques rousseau,124
dois autores,122
imperativo categorico,122
reflexao filosofica,122
debate sobre,121
dissertacao pretende,121
economia politica,121
identidade pessoal,120
nao podem,120
nao somente,119
conhecimento cientifico,118
nesta tese,115
santo agostinho,115
senso comum,115
desse trabalho,114
projeto filosofico,114
thomas hobbes,114
versa sobre,114
outras palavras,113
karl marx,112
conceitos fundamentais,111
filosofia kantiana,111
nao ser,109
tres partes,109
deste estudo,107
vontade geral,107
dissertacao trata,106
lei natural,106
muitas vezes,106
hans jonas,105
trabalho apresenta,104
ainda nao,103
ontologia fundamental,103
dessa dissertacao,102
teoria moral,102
ciencias humanas,100
partir disso,100
principal objetivo,100
pensamento ocidental,99
principais obras,99
ultima instancia,99
grande parte,98
possa ser,98
ser compreendida,98
discurso filosofico,97
emmanuel levinas,97
hermeneutica filosofica,97
investigacoes filosoficas,96
seculo xvii,96
ser entendida,96
analitica existencial,95
ensaio sobre,95
ser considerada,95
consideracoes sobre,94
dissertacao visa,94
partir dai,94
relacoes sociais,94
ser considerado,94
tema central,94
valores morais,94
assim sendo,93
filosofia contemporanea,93
procuramos mostrar,93
universidade federal,93
ate entao,92
nesta pesquisa,91
analise critica,90
experiencia estetica,90
linhas gerais,90
pretende mostrar,90
acoes humanas,89
discurso sobre,89
dissertacao apresenta,89
espaco publico,88
ciencia cognitiva,87
p dissertacao,87
principais conceitos,87
jeanpaul sartre,86
procura mostrar,86
teorias cientificas,85
pesquisa bibliografica,84
arthur schopenhauer,82
terceira parte,82
tractatus logicophilosophicus,82
alguns conceitos,81
contexto historico,81
liberdade humana,81
bem comum,80
duas obras,80
nessa perspectiva,80
terceiro momento,80
conhecimento humano,79
nova concepcao,79
nova forma,79
parece ser,79
analise sobre,78
ciencias naturais,78
dissertacao consiste,78
estado civil,78
filosofia moderna,78
filosofia transcendental,78
idealismo transcendental,78
livro i,78
poder politico,78
questao sobre,78
segunda metade,78
sistema filosofico,78
objetivo dessa,77
partir desse,77
pesquisa pretende,77
sumo bem,77
dessa questao,76
dignidade humana,76
w adorno,76
dessa maneira,75
dissertacao busca,75
giorgio agamben,75
nesta obra,75
sao apresentadas,75
desse conceito,74
dissertacao procura,74
paz perpetua,74
quarto capitulo,74
filosofia critica,73
pretende analisar,73
propria filosofia,73
algumas questoes,72
dessa relacao,72
dois filosofos,72
industria cultural,72
nao existe,72
reflexoes sobre,72
torna possivel,72
demasiado humano,71
dois aspectos,71
henri bergson,71
humano demasiado,71
tese pretende,71
vida politica,71
ciencia moderna,70
dois conceitos,70
estados mentais,70
ser social,70
sera possivel,70
deste conceito,69
dois tipos,69
jacques derrida,69
proprio ser,69
quer dizer,69
trabalho analisa,69
alguns elementos,68
melhor compreensao,68
neste contexto,68
problema filosofico,68
theodor w,68
acao moral,67
investigacao filosofica,67
mundo contemporaneo,67
outras obras,67
theodor adorno,67
trabalho investiga,67
corpo politico,66
dissertacao investiga,66
faz parte,66
liberalismo politico,66
nao poderia,66
presente investigacao,66
tecnica moderna,66
f dissertacao,65
investigacao acerca,65
possivel pensar,65
edmund husserl,64
embora nao,64
neste estudo,64
partir desta,64
pois nao,64
primeira obra,64
realidade humana,64
sao apresentados,64
sigmund freud,64
vida social,64
dois primeiros,63
estudos sobre,63
filosofia analitica,63
papel fundamental,63
primeiros capitulos,63
ser compreendido,63
dissertacao analisa,62
fazse necessario,62
filosofia nietzschiana,62
homem nao,62
mundo sensivel,62
pretende investigar,62
ser entendido,62
sociedade moderna,62
tal conceito,62
pessoa humana,61
ter sido,61
vontade livre,61
antropologia filosofica,60
central desta,60
deducao transcendental,60
diante disso,60
discussao acerca,60
enquanto tal,60
liberdade politica,60
max horkheimer,60
poder soberano,60
primeiros escritos,60
quatro capitulos,60
stuart mill,60
thomas kuhn,60
assim falou,59
dizem respeito,59
filosofia primeira,59
modo geral,59
partir deste,59
questao central,59
seguintes termos,59
ser pensada,59
especie humana,58
fazem parte,58
herbert marcuse,58
liberdade individual,58
nao deve,58
nao podemos,58
pretendemos mostrar,58
primeira fase,58
problema central,58
desses dois,57
falou zaratustra,57
idealismo alemao,57
primeira vez,57
propria natureza,57
trabalho trata,57
fim ultimo,56
metodo dialetico,56
pode ter,56
relacoes humanas,56
seguinte questao,56
trabalho aborda,56
aqui proposta,55
comicidade propostos,55
homem pode,55
nesse trabalho,55
neste caso,55
pretende apresentar,55
primeira ordem,55
reflexao acerca,55
responsabilidade moral,55
tese procura,55
vida feliz,55
consideracoes finais,54
corpo proprio,54
espirito livre,54
estudo pretende,54
homem moderno,54
juizos morais,54
ludwig wittgenstein,54
maior parte,54
moral kantiana,54
nomes proprios,54
novas formas,54
objetivo desse,54
outros autores,54
primeiro livro,54
principais aspectos,54
problemas filosoficos,54
propostos sertacao,54
santo tomas,54
sao analisados,54
teoria freudiana,54
agir comunicativo,53
conceitos centrais,53
consciencia moral,53
desta investigacao,53
especificamente sobre,53
karl popper,53
nesta perspectiva,53
pensamento sobre,53
ponto central,53
posicao original,53
principais argumentos,53
ser dita,53
algumas consideracoes,52
duas perspectivas,52
john locke,52
nesse caso,52
nesse processo,52
pesquisa consiste,52
principais caracteristicas,52
seculo xvi,52
ultima parte,52
acao comunicativa,51
alma humana,51
duas questoes,51
filosofica sobre,51
mente humana,51
objetivo mostrar,51
outro modo,51
portanto nao,51
precisa ser,51
propria existencia,51
proprio autor,51
ser possivel,51
ser visto,51
teoria estetica,51
tradicao metafisica,51
debate contemporaneo,50
dialetica negativa,50
dias atuais,50
dissertacao aborda,50
duas teorias,50
elementos fundamentais,50
estado democratico,50
gaia ciencia,50
hipotese aqui,50
homem enquanto,50
justica social,50
maurice merleauponty,50
nao possui,50
nova perspectiva,50
pensamento nietzschiano,50
pretendese mostrar,50
producao capitalista,50
producao filosofica,50
propriamente dita,50
propriedade privada,50
razao suficiente,50
richard rorty,50
tao somente,50
agir humano,49
cada individuo,49
enquanto ser,49
estao presentes,49
filosofia hegeliana,49
metodo fenomenologico,49
novo paradigma,49
outros conceitos,49
papel desempenhado,49
possam ser,49
sobre si,49
sociedade contemporanea,49
alguns comentadores,48
capitulo apresenta,48
dois pensadores,48
nao significa,48
papel central,48
pelotas pelotas,48
presente texto,48
sabedoria pratica,48
tal modo,48
teoria sobre,48
capitulo apresentamos,47
cultura ocidental,47
dessa obra,47
mesma forma,47
mundo exterior,47
ordem social,47
positivismo juridico,47
tais conceitos,47
teoria psicanalitica,47
arte contemporanea,46
dessa pesquisa,46
duas formas,46
estado moderno,46
face dessa,46
inteligencia artificial,46
obra ser,46
razao instrumental,46
ser livre,46
tambem sao,46
tese central,46
vida nua,46
alasdair macintyre,45
alguma forma,45
alguns textos,45
arte moderna,45
axel honneth,45
ciencias sociais,45
comunidade politica,45
dentre outros,45
desse processo,45
desta maneira,45
dois capitulos,45
especial atencao,45
etica nicomaqueia,45
experiencia humana,45
grande importancia,45
investigacao visa,45
nao sendo,45
pensamento metafisico,45
pesquisa busca,45
peter singer,45
podemos dizer,45
proposta pode,45
propria vida,45
seculo xxi,45
virtude moral,45
alguns pontos,44
arte tragica,44
busca compreender,44
duas teses,44
ja nao,44
john stuart,44
kant nao,44
livre arbitrio,44
pode contribuir,44
processo historico,44
saber santo,44
termos saber,44
aparelho psiquico,43
behaviorismo radical,43
boa parte,43
condicao necessaria,43
deveria ser,43
dialetica hegeliana,43
dois modos,43
emancipacao humana,43
entendimento humano,43
essencia humana,43
lima vaz,43
logica classica,43
meio ambiente,43
metafisica tradicional,43
metodo cientifico,43
pensamento heideggeriano,43
pesquisa visa,43
racionalidade cientifica,43
realidade social,43
realismo cientifico,43
santo face,43
selecao natural,43
sera feita,43
carl schmitt,42
cujo objetivo,42
desenvolvimento historico,42
entanto nao,42
faz uso,42
filosofia nao,42
literatura secundaria,42
materialismo historico,42
nessa dissertacao,42
si mesmos,42
alguns autores,41
ate chegar,41
caminho percorrido,41
comportamento humano,41
cultura moderna,41
diferenca especifica,41
direitos fundamentais,41
grande medida,41
maneira geral,41
nao consegue,41
nessa obra,41
nova abordagem,41
outros textos,41
podera ser,41
primeiros principios,41
razao humana,41
referencial teorico,41
ser capaz,41
ser vista,41
sociedade capitalista,41
tal concepcao,41
tambem nao,41
temas centrais,41
tese consiste,41
albert camus,40
atividade humana,40
capitulo trata,40
demais objetos,40
desses autores,40
elementos constitutivos,40
filosofia cartesiana,40
filosofia natural,40
idade media,40
mundo externo,40
mundos possiveis,40
neste momento,40
novo modo,40
outras coisas,40
pensamento etico,40
pensamento moderno,40
poderiam ser,40
pretende demonstrar,40
principios metafisicos,40
questoes relacionadas,40
sao analisadas,40
sentimentos morais,40
sera necessario,40
seres vivos,40
tese trata,40
trabalho sera,40
algum tipo,39
aspectos fundamentais,39
desses conceitos,39
dois textos,39
gaston bachelard,39
hansgeorg gadamer,39
luz sobre,39
momento historico,39
nao implica,39
nietzsche sobre,39
objeto poetico,39
procura demonstrar,39
proposito desta,39
questoes fundamentais,39
realidade objetiva,39
relacao existente,39
revolucao francesa,39
segunda fase,39
tese investiga,39
tres etapas,39
valor moral,39
ainda assim,38
capitulo sera,38
concepcao politica,38
desta questao,38
dois pontos,38
filosofia instituto,38
filosofia platonica,38
grecia antiga,38
jacques lacan,38
obra filosofica,38
ontologia fenomenologica,38
perspectiva filosofica,38
primeiras obras,38
razao publica,38
religiao crista,38
ser diferenca,38
sera apresentada,38
si mesmas,38
teoria etica,38
vai alem,38
algum modo,37
atividade filosofica,37
buscamos compreender,37
central deste,37
conceitos filosoficos,37
conclui ser,37
dessa tese,37
desse tema,37
diferentes tipos,37
diversos aspectos,37
ecce homo,37
educacao estetica,37
filosofia teorica,37
filosofo italiano,37
genero humano,37
mal radical,37
max weber,37
metodo filosofico,37
mundo natural,37
nao humanos,37
nova maneira,37
parte deste,37
pesquisa sobre,37
politica nao,37
porque nao,37
possivel compreender,37
primeira metade,37
primeiro passo,37
principais elementos,37
revolucoes cientificas,37
sao tambem,37
tais questoes,37
trabalho discute,37
tratado sobre,37
tres aspectos,37
ultimas decadas,37
vem sendo,37
assim dizer,36
boa vontade,36
certo sentido,36
condicoes necessarias,36
dentre outras,36
dessas duas,36
discorre sobre,36
discussoes sobre,36
dissertacao propoe,36
dois principios,36
duas nocoes,36
duas primeiras,36
estudo acerca,36
etica aristotelica,36
filosofia ocidental,36
forma geral,36
forma logica,36
guerra mundial,36
investigacoes logicas,36
nao estao,36
novo conceito,36
objetivo demonstrar,36
porem nao,36
pretendemos demonstrar,36
proprio filosofo,36
sao fundamentais,36
teses sobre,36
todavia ha,36
trabalho objetiva,36
tratase portanto,36
ultimos anos,36
vida pratica,36
visa apresentar,36
visa especificamente,36
apresente pertencera,35
atitude critica,35
capitulo i,35
certa forma,35
conduta humana,35
criacao artistica,35
critica kantiana,35
debate filosofico,35
desta obra,35
direito positivo,35
especies mimeticas,35
estatuto ontologico,35
etica kantiana,35
historia natural,35
leis naturais,35
mimeticas todavia,35
mundo moderno,35
nesse periodo,35
pacto social,35
partir dessas,35
pensador frances,35
pensamento estetico,35
pensamento humano,35
possivel encontrar,35
principais ideias,35
principais teses,35
principal obra,35
procuramos demonstrar,35
proposta etica,35
proprio homem,35
questao fundamental,35
questoes sobre,35
regimes totalitarios,35
sistema juridico,35
tal teoria,35
tempo presente,35
teorias sobre,35
toledo resumo,35
tornase possivel,35
tragedia grega,35
vida boa,35
virtudes intelectuais,35
visa investigar,35
vontade humana,35
animais naohumanos,34
busca mostrar,34
charles sanders,34
charles taylor,34
ciencia nao,34
dessa concepcao,34
desse problema,34
dialetica transcendental,34
diferentes formas,34
direito politico,34
duas posicoes,34
estados unidos,34
estreita relacao,34
felix guattari,34
jovem nietzsche,34
kant sobre,34
liberdade nao,34
livro x,34
nao parece,34
objetivo compreender,34
outras formas,34
principio moral,34
principio responsabilidade,34
principio supremo,34
procurase mostrar,34
psicanalise freudiana,34
qualquer tipo,34
sao considerados,34
sao possiveis,34
ser assim,34
ser pensado,34
sociedade democratica,34
tal analise,34
tal forma,34
tal questao,34
tese visa,34
trabalho propoe,34
tres pontos,34
ultima analise,34
ainda hoje,33
alguns problemas,33
analise conceitual,33
atividade cientifica,33
capitulo ii,33
capitulo sobre,33
conhecimento objetivo,33
debate acerca,33
desobediencia civil,33
dessa analise,33
dois niveis,33
donald davidson,33
duas concepcoes,33
fenomenologia husserliana,33
filosofia antiga,33
filosofia grega,33
filosofos contemporaneos,33
hipotese interpretativa,33
mecanica quantica,33
mestrado programa,33
ordem politica,33
pergunta sobre,33
politica universidade,33
proposito deste,33
questoes relativas,33
reflexao etica,33
rene descartes,33
richard wagner,33
sanders peirce,33
santa maria,33
ser racional,33
seres racionais,33
si proprio,33
si so,33
sociedade industrial,33
teoria social,33
vida cotidiana,33
vida etica,33
vista disso,33
analise logica,32
autor sobre,32
bem supremo,32
capitulo sao,32
certos aspectos,32
compreender melhor,32
desse tipo,32
desta relacao,32
discorrer sobre,32
dissertacao versa,32
diversas formas,32
dois grandes,32
drama barroco,32
estrutura ontologica,32
historia universal,32
investigacoes sobre,32
moral nao,32
nao possuem,32
nao ter,32
outra forma,32
permite compreender,32
podese dizer,32
principais criticas,32
problema mentecorpo,32
procura investigar,32
procuraremos mostrar,32
representacoes mentais,32
ronald dworkin,32
ser enquanto,32
sera analisada,32
sistema capitalista,32
soberania popular,32
sujeito etico,32
tal problema,32
tanto quanto,32
tanto sera,32
tema desta,32
tempo nao,32
tres obras,32
verdade nao,32
visa analisar,32
alguns filosofos,31
amor fati,31
animais nao,31
capitulo iii,31
conceitos sao,31
dessa teoria,31
desse autor,31
deste tema,31
diferentes modos,31
dimensao estetica,31
dimensao politica,31
discurso moral,31
dois problemas,31
dois sentidos,31
dois temas,31
escritos sobre,31
filosofia sociologia,31
filosofo ingles,31
foucault sobre,31
ilusao transcendental,31
licoes sobre,31
logica modal,31
momentos distintos,31
mundo fisico,31
mundo nao,31
nao faz,31
objetivos especificos,31
organizacao social,31
outras questoes,31
parte desta,31
pensamento kantiano,31
podemos encontrar,31
poder ser,31
propria obra,31
proprio conceito,31
questoes filosoficas,31
reflete sobre,31
relacoes internacionais,31
revisao bibliografica,31
segundo wittgenstein,31
ser considerados,31
tal relacao,31
tese apresenta,31
transformacao social,31
vida nao,31
adam smith,30
alguns temas,30
busca apresentar,30
ciencias cognitivas,30
consequencia logica,30
critica imanente,30
criticas feitas,30
dessa nocao,30
desse estudo,30
dois elementos,30
estado social,30
faz necessario,30
faz presente,30
filosofia aristotelica,30
instituicoes politicas,30
instituicoes sociais,30
ir alem,30
lancar luz,30
nesse percurso,30
novas possibilidades,30
objetivo estudar,30
objetivo examinar,30
parece ter,30
parte final,30
pensar sobre,30
pesquisa cientifica,30
politica contemporanea,30
politica moderna,30
possivel perceber,30
pretende ser,30
primeira vista,30
primeiro principio,30
principais problemas,30
principios fundamentais,30
projeto politico,30
propria razao,30
relacao estabelecida,30
relacoes existentes,30
representacao politica,30
ser dito,30
sobre filosofia,30
sociedades democraticas,30
tal tarefa,30
tentamos mostrar,30
teoria filosofica,30
tese busca,30
trabalho versa,30
trajetoria intelectual,30
van fraassen,30
agir moral,29
alguns casos,29
analise comparativa,29
antiguidade classica,29
arcabouco teorico,29
aspectos centrais,29
ate hoje,29
buscamos mostrar,29
critica feita,29
duas dimensoes,29
frances michel,29
fundamental importancia,29
ideologia alema,29
implicacoes eticas,29
justificacao epistemica,29
liberdade enquanto,29
lugar central,29
metafisica classica,29
nao deixa,29
periodo intermediario,29
principais teorias,29
principal desta,29
proprio pensamento,29
questoes eticas,29
resultados obtidos,29
revolucao cientifica,29
sao capazes,29
sao paulo,29
serao analisados,29
sexto empirico,29
sistema hegeliano,29
tal objetivo,29
teoria kantiana,29
terceira critica,29
tese analisa,29
tese propoe,29
tese segundo,29
trabalho sao,29
