trigram,n
objetivo deste trabalho,253
nao pode ser,251
objetivo desta dissertacao,216
filosofia universidade estadual,135
NA NA NA,115
presente trabalho pretende,90
so pode ser,87
objetivo desta pesquisa,85
nao podem ser,83
p dissertacao mestrado,83
objetivo desta tese,78
theodor w adorno,74
humano demasiado humano,71
presente trabalho visa,63
f dissertacao mestrado,62
assim falou zaratustra,57
comicidade propostos sertacao,54
pode ser considerado,53
pode ser dita,51
presente trabalho busca,50
john stuart mill,48
objetivo dessa dissertacao,48
pode ser compreendida,48
pode ser considerada,45
proposta pode ser,45
aqui proposta pode,44
face dessa questao,44
hipotese aqui proposta,44
seguintes termos saber,44
termos saber santo,44
pode ser entendida,43
saber santo face,43
santo face dessa,43
presente trabalho consiste,41
objetivo desse trabalho,40
filosofia universidade federal,38
deve ser entendida,37
conclui ser diferenca,36
investigacao visa especificamente,36
presente dissertacao pretende,36
presente dissertacao visa,36
ser diferenca especifica,36
visa especificamente sobre,36
dois primeiros capitulos,35
especies mimeticas todavia,35
mimeticas todavia ha,35
nao deve ser,35
presente trabalho procura,35
trabalho pretende investigar,35
charles sanders peirce,33
dissertacao versa sobre,33
parana toledo resumo,33
pode ser compreendido,33
central deste trabalho,32
objetivo deste estudo,31
proposito deste trabalho,31
nao poderia ser,30
trabalho pretende mostrar,30
pode ser entendido,29
politica universidade federal,29
trabalho versa sobre,29
animais nao humanos,28
central desta dissertacao,28
frances michel foucault,27
objetivo central desta,27
ortega y gasset,27
pode ser visto,27
presente dissertacao busca,27
filosofo alemao friedrich,26
objeto poetico sera,26
pode ser pensada,26
poetico sera mimetizado,26
sine qua non,26
drama barroco alemao,25
pesquisa diz respeito,25
desta dissertacao consiste,24
deve ser compreendida,24
filosofo frances michel,24
parte deste trabalho,24
presente dissertacao trata,24
deste trabalho consiste,23
filosofia pratica kantiana,23
so podem ser,23
tradicao filosofica ocidental,23
lancar luz sobre,22
pode ser dito,22
presente trabalho trata,22
desta pesquisa diz,21
objetivo refletir sobre,21
presente dissertacao investiga,21
presente estudo pretende,21
presente trabalho objetiva,21
proposta deste trabalho,21
reflexao filosofica sobre,21
sein und zeit,21
todos contra todos,21
cada vez maior,20
et le neant,20
trabalho pretende analisar,20
trabalho visa analisar,20
alemao martin heidegger,19
dissertacao mestrado programa,19
pode ser vista,19
presente dissertacao analisa,19
presente pesquisa busca,19
presente trabalho aborda,19
presente trabalho investiga,19
primeira parte desta,19
segunda guerra mundial,19
segundo capitulo apresentamos,19
trabalho pretende apresentar,19
trabalho procura mostrar,19
alemao friedrich nietzsche,18
algumas consideracoes sobre,18
filosofo alemao martin,18
letre et le,18
longo deste trabalho,18
presente pesquisa pretende,18
tema desta dissertacao,18
assim falava zaratustra,17
charles s peirce,17
italiano giorgio agamben,17
presente pesquisa visa,17
presente tese pretende,17
principal deste trabalho,17
proposito desta dissertacao,17
sociedade industrial avancada,17
w f hegel,17
central desta pesquisa,16
condicao sine qua,16
deve ser entendido,16
filosofo frances henri,16
objetivo geral desta,16
pode ser encontrada,16
podem ser considerados,16
presente dissertacao consiste,16
presente trabalho apresenta,16
presente trabalho possui,16
principal objetivo desta,16
razao pratica pura,16
the concept of,16
trabalho visa investigar,16
wilhelm friedrich hegel,16
defesa santa maria,15
dissertacao pretende analisar,15
dissertacao pretende mostrar,15
filosofia moral kantiana,15
neste trabalho buscamos,15
neste trabalho procuramos,15
objetivo principal investigar,15
pesquisa pretende analisar,15
presente dissertacao aborda,15
presente trabalho versa,15
tese versa sobre,15
bergson louis bergson,14
capitulo desta dissertacao,14
central desta tese,14
deve ser compreendido,14
filosofo italiano giorgio,14
georg wilhelm friedrich,14
homem enquanto ser,14
louis bergson louis,14
objetivo principal desta,14
pode ser alcancada,14
pode ser concebida,14
presente dissertacao versa,14
primeira parte deste,14
primeiro capitulo apresenta,14
somente pode ser,14
tema central desta,14
alguns conceitos fundamentais,13
dentre outras coisas,13
deve ser considerada,13
g w f,13
geral deste trabalho,13
in order to,13
jose ortega y,13
novo olhar sobre,13
objetivo central deste,13
objetivo dessa pesquisa,13
objetivo geral deste,13
objetivo principal analisar,13
objeto poetico possuem,13
parte desta dissertacao,13
pode ser pensado,13
podem ser consideradas,13
presente dissertacao apresenta,13
presente estudo visa,13
presente tese investiga,13
problematizacao desta pesquisa,13
resumoo presente trabalho,13
seguranca territorio populacao,13
tema deste trabalho,13
theory of justice,13
tres momentos distintos,13
tres primeiros capitulos,13
capitulo deste trabalho,12
desta pesquisa consiste,12
filosofo friedrich nietzsche,12
genebrino jeanjacques rousseau,12
michel foucault sobre,12
objetivo dessa tese,12
objetivo geral analisar,12
objetivo neste trabalho,12
objetivo principal deste,12
pode ser aplicada,12
pode ser caracterizada,12
pode ser caracterizado,12
pode ser encontrado,12
pode ser lido,12
presente dissertacao procura,12
presente dissertacao propoe,12
presente tese procura,12
presente trabalho analisa,12
presente trabalho discute,12
presente trabalho propoe,12
primeiro capitulo apresentamos,12
segundo capitulo sera,12
segundo capitulo trata,12
ser humano enquanto,12
sociedade bem ordenada,12
tat tvam asi,12
terceiro capitulo apresenta,12
the theory of,12
comme un autre,11
dissertacao pretende apresentar,11
dissertacao procura mostrar,11
frances gilles deleuze,11
intuito desta dissertacao,11
metodo filosofico intuitivo,11
moral pode ser,11
nao diz respeito,11
nao pode ter,11
nao sao suficientes,11
neste trabalho investigamos,11
objeto desta pesquisa,11
parana toledo resumoo,11
parece ter sido,11
pensamento filosofico ocidental,11
podem ser compreendidas,11
primeiro capitulo sera,11
principal desta pesquisa,11
proposito desta pesquisa,11
proposito desta tese,11
razao pura kant,11
sentido ultimo dessa,11
ser enquanto ser,11
si epimeleia heautou,11
teoria moral kantiana,11
trabalho busca investigar,11
trabalho pretende discutir,11
ultimo dessa relacao,11
compreender quais sao,10
debate contemporaneo sobre,10
der existenzialen anthropologie,10
dessa relacao sentido,10
filosofia politica contemporanea,10
filosofico intuitivo bergsoniano,10
filosofo frances henripelo,10
filosofo immanuel kant,10
frances henripelo filosofo,10
henripelo filosofo frances,10
nao ha nada,10
nao pode haver,10
neste trabalho pretendemos,10
objetivo desse estudo,10
obra humano demasiado,10
pode ser tomada,10
presente dissertacao objetiva,10
presente pesquisa trata,10
primeiro lugar apresentar,10
proposta desta dissertacao,10
redes neurais artificiais,10
relacao sentido ultimo,10
resumoa presente dissertacao,10
segundo tratado sobre,10
sociedades democraticas contemporaneas,10
soimeme comme un,10
soren aabye kierkegaard,10
trabalho procura investigar,10
trabalho visa apresentar,10
alemao immanuel kant,9
algumas consideracoes acerca,9
argumentos desmanteladores evolutivos,9
arte pode ser,9
cada ser humano,9
ciencia cognitiva dinamica,9
desenvolvimento deste trabalho,9
desses dois autores,9
deve ser considerado,9
deve ser visto,9
devem ser compreendidas,9
dissertacao busca analisar,9
dissertacao procura investigar,9
economia politica classica,9
esfera publica burguesa,9
filosofia critica kantiana,9
filosofo alemao immanuel,9
filosofo genebrino jeanjacques,9
filosofo jeanjacques rousseau,9
filosofo martin heidegger,9
filosofo michel foucault,9
friedrich wilhelm nietzsche,9
hannah arendt sobre,9
homem pode ser,9
investigar quais sao,9
jean jacques rousseau,9
michel foucault acerca,9
nao ha consenso,9
nao podera ser,9
nao ser possivel,9
nesse sentido nao,9
neste trabalho sera,9
objeto desta dissertacao,9
objeto deste trabalho,9
obra assim falou,9
partir dessa analise,9
pensamento politico moderno,9
pensamento politico ocidental,9
pode ser adequadamente,9
pode ser assim,9
pode ser conhecido,9
pode ser explicada,9
pode ser interpretada,9
pode ser interpretado,9
pode ser tomado,9
podem ser compreendidos,9
presente pesquisa consiste,9
presente pesquisa objetiva,9
presente tese parte,9
presente trabalho dissertativo,9
primeiro capitulo aborda,9
primeiro capitulo analisamos,9
primeiro momento analisamos,9
primeiro momento apresentamos,9
primeiro momento sera,9
principal desta dissertacao,9
razao pura pratica,9
redes sociais digitais,9
segunda parte deste,9
segundo capitulo tratamos,9
ser nesse sentido,9
seres humanos sao,9
so poderia ser,9
sobre si mesma,9
tanto sera necessario,9
toda acao humana,9
totalite et infini,9
trabalho busca analisar,9
trabalho objetiva investigar,9
acreditamos ser possivel,8
alemao arthur schopenhauer,8
alemao jurgen habermas,8
and private language,8
autrement qu etre,8
ciencias humanas universidade,8
cn n w,8
danca canto music,8
desenvolvimento desta pesquisa,8
desta dissertacao sera,8
deve ser capaz,8
deve ser vista,8
direito natural moderno,8
dissertacao visa apresentar,8
dois momentos distintos,8
drama musical grego,8
duas primeiras partes,8
estudo pretende mostrar,8
filosofia pode ser,8
filosofo alemao arthur,8
filosofo frances gilles,8
final deste trabalho,8
folhas dissertacao mestrado,8
frances jeanpaul sartre,8
george herbert mead,8
hannah arendt tendo,8
homem nao pode,8
liberdade nesse sentido,8
metodo dialetico hegeliano,8
mostrar quais sao,8
nao devem ser,8
obra discurso sobre,8
obra ensaio sobre,8
on rules and,8
pesquisa pretende abordar,8
pico della mirandola,8
pintura danca canto,8
pode ser aplicado,8
pode ser chamado,8
pode ser definida,8
pode ser descrita,8
pode ser dividida,8
pode ser identificada,8
podem ser divididos,8
podem ser encontrados,8
podem ser entendidos,8
podem ser pensados,8
presente dissertacao intitulada,8
presente dissertacao possui,8
presente estudo busca,8
presente pesquisa investiga,8
presente tese aborda,8
presente tese busca,8
primeira guerra mundial,8
primeiro capitulo sao,8
primeiro diz respeito,8
primeiros principios metafisicos,8
proposta desta pesquisa,8
realismo inge nuo,8
reflexao critica sobre,8
rules and private,8
seculo v ac,8
seculo xix ate,8
segundo capitulo apresenta,8
substancia absolutamente infinita,8
tema desta pesquisa,8
teorias cientificas sao,8
terceiro capitulo apresentamos,8
terceiro capitulo sera,8
terceiro capitulo trata,8
tese procura mostrar,8
the nature of,8
thomas s kuhn,8
walter benjamin sobre,8
ainda pode ser,7
alem disso tambem,7
alemao hans jonas,7
algumas observacoes sobre,7
analisar alguns aspectos,7
apresentar alguns aspectos,7
aproblematizacao desta pesquisa,7
b f skinner,7
bas van fraassen,7
canto music pintura,7
central dessa dissertacao,7
conclusao deste trabalho,7
conditio sine qua,7
consegue dar conta,7
debate atual sobre,7
debate contemporaneo acerca,7
debate filosofico contemporaneo,7
decorrer deste trabalho,7
demasiado humano i,7
dentro deste contexto,7
desse trabalho consiste,7
desses dois filosofos,7
destes dois autores,7
deve ser feita,7
deve ser pensada,7
devem ser consideradas,7
dissertacao pretende abordar,7
dissertacao pretende investigar,7
diz respeito aproblematizacao,7
dois conceitos centrais,7
dois conceitos fundamentais,7
dois ultimos capitulos,7
duas grandes obras,7
duas partes principais,7
escoces alasdair macintyre,7
f tese doutorado,7
filosofia politica moderna,7
filosofia transcendental kantiana,7
filosofo alemao hans,7
filosofo escoces alasdair,7
filosofo frances jeanpaul,7
filosofo paul ricoeur,7
filosofo walter benjamin,7
fio condutor desta,7
frances henri bergson,7
funcoes recursivas primitivas,7
geral desta dissertacao,7
geral desta pesquisa,7
jean paul sartre,7
john r searle,7
metafisica mundo finitude,7
music pintura danca,7
nao ha espaco,7
nao parece ser,7
nao podendo ser,7
nocao pode ser,7
objetivo desta investigacao,7
objetivo geral investigar,7
objetivo principal apresentar,7
p tese doutorado,7
partir dessa constatacao,7
partir dessa perspectiva,7
pesquisa versa sobre,7
pode ser constatada,7
pode ser estabelecida,7
pode ser feita,7
pode ser feliz,7
pode ser lida,7
pode ser melhor,7
pode ser realizada,7
pode ser resumido,7
pode ser usado,7
podem ser utilizadas,7
poderia ter sido,7
postura cetica academica,7
presente investigacao visa,7
presente pesquisa aborda,7
presente pesquisa procura,7
presente tese visa,7
primeira diz respeito,7
primeira obra publicada,7
primeiro capitulo faremos,7
primeiro capitulo investigamos,7
primeiro capitulo trata,7
principais referencias teoricas,7
principal desta tese,7
principal objetivo analisar,7
problema pode ser,7
procura dar conta,7
respeito aproblematizacao desta,7
sao apresentados alguns,7
segunda parte trata,7
segundo capitulo faremos,7
segundo capitulo sao,7
segundo momento sera,7
self nao conceitual,7
ser humano pode,7
ser humano so,7
sob dois aspectos,7
tambem pode ser,7
tanto quanto possivel,7
tema central deste,7
tema desta tese,7
terceiro capitulo sao,7
tese pretende demonstrar,7
the philosophy of,7
the principles of,7
todo ser humano,7
todo ser racional,7
trabalho busca apresentar,7
trabalho busca mostrar,7
trabalho objetiva analisar,7
trabalho pretende demonstrar,7
trabalho pretende ser,7
trabalho visa compreender,7
tres momentos fundamentais,7
ultimos trinta anos,7
wille zur macht,7
wittgenstein on rules,7
acoes humanas sao,6
an essay on,6
apenas pode ser,6
apresentada neste trabalho,6
atributos necessariamente nao,6
capitulo sera dedicado,6
carl gustav jung,6
central desse trabalho,6
ciencias ciencias ciencias,6
conferencia sobre etica,6
critica pode ser,6
dentro desse contexto,6
desta dissertacao sao,6
desta tese consiste,6
deste trabalho sera,6
deve ser levado,6
direitos humanos sao,6
dissertacao busca apresentar,6
dissertacao busca compreender,6
dissertacao diz respeito,6
dissertacao procura demonstrar,6
diz respeito apenas,6
dncn n w,6
dois filosofos contemporaneos,6
dois objetivos principais,6
dois tratados sobre,6
duas guerras mundiais,6
duas questoes fundamentais,6
ente enquanto tal,6
experiencia pode ser,6
f m cornford,6
fazse necessario investigar,6
filosofia moral contemporanea,6
filosofia nao pode,6
filosofia neste sentido,6
filosofia pode contribuir,6
filosofia teorica kantiana,6
filosofo alemao jurgen,6
filosofo americano john,6
filosofo dinamarques soren,6
filosofo maurice merleauponty,6
filosofo norteamericano john,6
final desta dissertacao,6
fio condutor deste,6
gottfried wilhelm leibniz,6
hannah arendt acerca,6
hermeneutica filosofica gadameriana,6
historia pode ser,6
humana pode ser,6
hungaro gyorgy lukacs,6
idealismo transcendental kantiano,6
imperativo categorico kantiano,6
in relation to,6
investigacao filosofica sobre,6
italiano antonio gramsci,6
j s mill,6
joao guimaraes rosa,6
le volontaire et,6
les deux sources,6
livros viii partir,6
matiere et memoire,6
melhores teorias cientificas,6
mostrar neste trabalho,6
naming and necessity,6
nao faz sentido,6
nao ha qualquer,6
nao poder ser,6
nao poderia deixar,6
nao sao apenas,6
nao sao pessoas,6
necessariamente nao instanciados,6
nesta dissertacao analisamos,6
nesta dissertacao pretendese,6
neste primeiro momento,6
neste trabalho propomos,6
norteamericano john rawls,6
objetivo central analisar,6
objetivo central investigar,6
objetivo principal compreender,6
objetivos especificos sao,6
obra deste filosofo,6
orientador prof dr,6
outros seres humanos,6
partida deste trabalho,6
partir dessa relacao,6
partir desse ponto,6
pensamento desse autor,6
pensamento nesse sentido,6
pesquisa pretende apresentar,6
pode nao ser,6
pode ser chamada,6
pode ser concebido,6
pode ser conhecida,6
pode ser definido,6
pode ser expressa,6
pode ser feito,6
pode ser identificado,6
pode ser observada,6
pode ser percebida,6
pode ser reduzida,6
pode ser resumida,6
pode ser util,6
pode ser vislumbrada,6
podem ser entendidas,6
podem ser explicadas,6
podem ser identificados,6
podem ser pensadas,6
podem ser vistos,6
podem ter instancias,6
point of view,6
pois nao ha,6
porque nao pode,6
possa ser considerada,6
presente dissertacao discute,6
presente dissertacao propoese,6
presente estudo propoe,6
presente estudo trata,6
presente tese defende,6
presente tese trata,6
presente trabalho buscamos,6
presente trabalho propoese,6
pretende refletir sobre,6
pretendemos neste trabalho,6
primeira parte sao,6
primeiro capitulo abordamos,6
primeiro capitulo trataremos,6
primeiros escritos ate,6
principal deste estudo,6
principles of mathematics,6
proprio ser humano,6
questao pode ser,6
questao quais sao,6
razao pura crp,6
razao pura onde,6
realizar tal tarefa,6
reflexao filosofica acerca,6
responder algumas questoes,6
seguinte hipotese interpretativa,6
segunda parte analisamos,6
segunda parte sao,6
segundo capitulo desta,6
segundo capitulo procuramos,6
segundo capitulo sobre,6
segundo momento apresentamos,6
sensibilizacao problematizacao investigacao,6
ser humano nao,6
ser humano possui,6
sobre alguns aspectos,6
sociedade civil burguesa,6
sujeito nao pode,6
tempo nesse sentido,6
temps et recit,6
teoria pode ser,6
terceiro capitulo procuramos,6
tese central deste,6
tese pretende mostrar,6
the basis of,6
the highest good,6
theodor wiesengrund adorno,6
theory of knowledge,6
toledo resumoo objetivo,6
tornando cada vez,6
trabalho pode ser,6
trabalho pretende examinar,6
trabalho sera dividido,6
trabalho visa demonstrar,6
tragedia humano demasiado,6
tres pontos fundamentais,6
tres primeiros livros,6
ultimo capitulo trata,6
ursprung des deutschen,6
volontaire et linvolontaire,6
w j schelling,6
acao pode ser,5
acoes humanas nao,5
aim of this,5
ainda neste capitulo,5
alem disso apresentamos,5
alemao walter benjamin,5
algumas questoes relativas,5
algumas questoes sobre,5
alguns elementos presentes,5
analise critica sobre,5
analitica existencial heideggeriana,5
ate certo ponto,5
atividades humanas fundamentais,5
base nacional comum,5
based on the,5
bens humanos basicos,5
canto musicpintura danca,5
capitulo sao analisados,5
capitulo sao apresentadas,5
capitulo sao apresentados,5
capitulos deste trabalho,5
categorico nao matar,5
chamada primeira fase,5
ciencias sociais criticas,5
compositor richard wagner,5
conceito pode ser,5
condutor deste trabalho,5
conhecimento intelectual humano,5
creatio ex nihilo,5
crenca verdadeira justificada,5
cuja origem remonta,5
danca canto musicpintura,5
dar conta deste,5
defendida neste trabalho,5
der praktischen vernunft,5
desses dois pensadores,5
deste modo nao,5
deus nesse sentido,5
deve ser concebida,5
deve ser interpretada,5
deve ser lida,5
deve ser realizada,5
deve ser tomada,5
devem ser considerados,5
devem ser entendidos,5
direitos civis basicos,5
discussao contemporanea sobre,5
dissertacao aqui apresentada,5
dissertacao pode ser,5
dissertacao visa analisar,5
dissertacao visa mostrar,5
dois aspectos fundamentais,5
dois grandes grupos,5
dois maximos sistemas,5
duas grandes partes,5
ensaio ensaio ensaio,5
ensaios morais politicos,5
ensino dessa disciplina,5
ensino medio brasileiro,5
ensino medio tendo,5
entender quais sao,5
entes simplesmente dados,5
escoces david hume,5
escopo desta pesquisa,5
estao diretamente relacionados,5
estudo pretende analisar,5
estudo versa sobre,5
filosofia classica alema,5
filosofia enquanto disciplina,5
filosofo alemao karl,5
filosofo alemao theodor,5
filosofo emmanuel levinas,5
filosofo estadunidense john,5
filosofo hans jonas,5
filosofo italiano antonio,5
filosofo jurgen habermas,5
foco principal desta,5
frances paul ricoeur,5
friedrich nietzsche sobre,5
friedrich w j,5
friedrich w nietzsche,5
fundamental deste trabalho,5
genialidadegenialidade genialidadegenialidade genialidade,5
genialidadegenialidade genialidadegenialidade genialidadegenialidade,5
geral dessa dissertacao,5
geral desta tese,5
gilles deleuze sobre,5
ha consenso sobre,5
hans georg gadamer,5
herbert marcuse sobre,5
hipotese desta pesquisa,5
hipotese deste trabalho,5
humano deve ser,5
i d q,5
imperativo categorico nao,5
in the future,5
inicial deste trabalho,5
ironia constantemente referido,5
j l austin,5
ja havia sido,5
kant nao pode,5
karl r popper,5
kritik der praktischen,5
linguagens semanticamente fechadas,5
literatura filosofica sobre,5
logica proposicional classica,5
longa tradicao filosofica,5
longo desta dissertacao,5
longo desta tese,5
lucio aneu seneca,5
marco tulio cicero,5
martin heidegger sobre,5
mundo cada vez,5
musicpintura danca canto,5
nacional comum curricular,5
nao apenas compreender,5
nao apenas porque,5
nao consegue dar,5
nao so nao,5
nao ter sido,5
nazista adolf eichmann,5
nesse primeiro momento,5
nesse sentido buscamos,5
nesse sentido buscouse,5
nesse sentido pretendemos,5
nesta dissertacao abordamos,5
nesta dissertacao apresentamos,5
nesta dissertacao buscamos,5
nesta dissertacao investigamos,5
nesta dissertacao procuramos,5
nesta dissertacao propomos,5
nesta primeira parte,5
neste trabalho apresentamos,5
neste trabalho sao,5
nietzsche pode ser,5
nova lex mercatoria,5
nova postura diante,5
novo metodo filosofico,5
objetivo central apresentar,5
objetivo deste texto,5
objetivo geral consiste,5
objetivo nesta dissertacao,5
objetivo principal refletir,5
obra contra academicos,5
obra investigacoes filosoficas,5
obras estudadas sao,5
of social change,5
ordine geometrico demonstrata,5
outra coisa senao,5
outro lado nao,5
p j ยบ,5
part of the,5
parte desta tese,5
partir dessa caracterizacao,5
partir desse quadro,5
partir deste conceito,5
partir destes conceitos,5
paul b preciado,5
pensamento deste filosofo,5
pesquisa busca compreender,5
pesquisa pretende demonstrar,5
pesquisa pretende investigar,5
pesquisa procura investigar,5
pesquisa visa investigar,5
pode ser aceita,5
pode ser analisado,5
pode ser desenvolvida,5
pode ser formulada,5
pode ser justificado,5
pode ser objeto,5
pode ser percebido,5
pode ser reconhecido,5
pode ser usada,5
pode ser utilizada,5
pode ser utilizado,5
podem ser identificadas,5
podem ser lidos,5
podem ser reduzidos,5
podem ser uteis,5
poderia ser entendida,5
politica deve ser,5
presente dissertacao pretendemos,5
presente estudo aborda,5
presente estudo analisa,5
presente estudo consiste,5
presente estudo procura,5
presente estudo propoese,5
presente pesquisa propoe,5
presente tese apresenta,5
presente tese objetiva,5
presente trabalho procuramos,5
pretende dar conta,5
pretendese nesta dissertacao,5
primeira grande obra,5
primeira parte dessa,5
primeira parte trata,5
primeiro capitulo analisa,5
primeiro capitulo desta,5
primeiro capitulo faz,5
primeiro capitulo mostra,5
primeiro filosofo tragico,5
primeiro momento analisar,5
principais obras estudadas,5
principal desse trabalho,5
principio responsabilidade ensaio,5
procuramos refletir sobre,5
proposta neste trabalho,5
questao central desta,5
realizacao desta pesquisa,5
realizacao deste trabalho,5
relation to the,5
resultado deste trabalho,5
seculo iii ac,5
seguida sao apresentados,5
segunda parte tratamos,5
segundo capitulo abordamos,5
segundo capitulo apresentaremos,5
segundo capitulo apresento,5
segundo capitulo consiste,5
segundo capitulo fazemos,5
segundo capitulo mostramos,5
segundo diz respeito,5
segundo hannah arendt,5
sentido pode ser,5
ser cada vez,5
ser enquanto tal,5
ser humano atraves,5
ser humano possa,5
sera possivel compreender,5
seres humanos nao,5
si mesmas nao,5
si so nao,5
sistema economico capitalista,5
so pode ter,5
so podemos conhecer,5
sob duas perspectivas,5
sobre alguns temas,5
social nesse sentido,5
solucao desse problema,5
tais conceitos sao,5
tambem podem ser,5
tanto fezse necessario,5
tanto moral quanto,5
tecer algumas consideracoes,5
tempo pode ser,5
terceiro capitulo analisamos,5
terceiro capitulo buscamos,5
terra gemea moral,5
tese pretende investigar,5
the aim of,5
the existence of,5
the importance of,5
the language of,5
the problem of,5
theodor adorno sobre,5
theory of social,5
things with words,5
toledo resumoo presente,5
tonalidade afetiva fundamental,5
trabalho busca compreender,5
trabalho diz respeito,5
trabalho nesse sentido,5
trabalho pretende abordar,5
trabalho pretende estabelecer,5
trabalho pretende expor,5
trabalho pretende fazer,5
trabalho procura analisar,5
trabalho procuramos demonstrar,5
trabalho tenta mostrar,5
trabalho visa discutir,5
trabalho visa mostrar,5
tradicao metafisica ocidental,5
tres capitulos sendo,5
tres momentos especificos,5
tres momentos primeiramente,5
ultimo capitulo analisamos,5
ultimo capitulo apresenta,5
ultimo capitulo apresentaremos,5
ultimo capitulo desta,5
vida deve ser,5
vida pode ser,5
visa refletir sobre,5
w adorno sobre,5
